58fbdf4f-e36e-4e2a-a4ba-142c2262fc54,e0885384-a123-450a-b35e-e232e377b127,Test Add,e0885384-a123-450a-b35e-e232e377b127,Test Add,CREATE,2025-05-09T16:26:12.385886,,,User(userId=e0885384-a123-450a-b35e-e232e377b127, username=Test Add, password=fkskds, role=ADMIN)
f2ab2601-b588-482b-b5bf-799bcccccf4a,8da9cb7d-fde8-4a5d-af8b-344132664432,Deleted user,e0885384-a123-450a-b35e-e232e377b127,Test Add,CREATE,2025-05-09T16:26:12.399378,,,User(userId=8da9cb7d-fde8-4a5d-af8b-344132664432, username=Deleted user, password=fkskds, role=ADMIN)
d4ebf8c3-b8d9-4390-b9a6-6645582ca070,bb764e97-7fbc-46a3-94fe-8846382579ac,User name 1),e0885384-a123-450a-b35e-e232e377b127,Test Add,CREATE,2025-05-09T16:26:12.404704,,,User(userId=bb764e97-7fbc-46a3-94fe-8846382579ac, username=User name 1), password=Password 1, role=MATE)
d1b05434-3c0d-4553-9f52-92e517bdae47,2a5430ae-3ea8-4f27-831c-009f46bf61d2,User name 2),e0885384-a123-450a-b35e-e232e377b127,Test Add,CREATE,2025-05-09T16:26:12.405817,,,User(userId=2a5430ae-3ea8-4f27-831c-009f46bf61d2, username=User name 2), password=Password 2, role=MATE)
fa2570d9-d907-467c-a0fd-30ba6d2b8f2c,6ab1c0d2-d818-463b-aec8-e31e54f8fef5,User name 3),e0885384-a123-450a-b35e-e232e377b127,Test Add,CREATE,2025-05-09T16:26:12.406593,,,User(userId=6ab1c0d2-d818-463b-aec8-e31e54f8fef5, username=User name 3), password=Password 3, role=MATE)
790560a2-c5e3-4f90-a198-e590bd297ecc,d7d2a7b0-4b60-44da-b099-5ad80e0e0df8,User name 4),e0885384-a123-450a-b35e-e232e377b127,Test Add,CREATE,2025-05-09T16:26:12.407310,,,User(userId=d7d2a7b0-4b60-44da-b099-5ad80e0e0df8, username=User name 4), password=Password 4, role=ADMIN)
be1e76cc-0059-484b-ba57-0f03d2557964,8b92958c-de17-4483-bad8-282a38bc349d,User name 5),e0885384-a123-450a-b35e-e232e377b127,Test Add,CREATE,2025-05-09T16:26:12.408023,,,User(userId=8b92958c-de17-4483-bad8-282a38bc349d, username=User name 5), password=Password 5, role=MATE)
c33f1d45-f758-4e0c-8b86-f3b736c0edb3,5feb7cde-5dfc-41f1-8ed2-550f782b83f8,User name 6),e0885384-a123-450a-b35e-e232e377b127,Test Add,CREATE,2025-05-09T16:26:12.408861,,,User(userId=5feb7cde-5dfc-41f1-8ed2-550f782b83f8, username=User name 6), password=Password 6, role=ADMIN)
c47cd754-53cb-46c1-89bf-c0ea1c3f9d82,e3ec7cfb-c94f-4a7c-8e73-adf6ee81bec3,User name 7),e0885384-a123-450a-b35e-e232e377b127,Test Add,CREATE,2025-05-09T16:26:12.409796,,,User(userId=e3ec7cfb-c94f-4a7c-8e73-adf6ee81bec3, username=User name 7), password=Password 7, role=MATE)
8ca8d833-8416-4499-b434-714fc6514e96,22baf659-0f94-42c4-a7db-fb6b4b07f847,User name 8),e0885384-a123-450a-b35e-e232e377b127,Test Add,CREATE,2025-05-09T16:26:12.410688,,,User(userId=22baf659-0f94-42c4-a7db-fb6b4b07f847, username=User name 8), password=Password 8, role=MATE)
266f6104-90a4-42c8-a1c7-ec1f97dfc34f,1931052e-b52a-4f7e-8202-a1049d75a641,User name 9),e0885384-a123-450a-b35e-e232e377b127,Test Add,CREATE,2025-05-09T16:26:12.411719,,,User(userId=1931052e-b52a-4f7e-8202-a1049d75a641, username=User name 9), password=Password 9, role=ADMIN)
74688534-2e0e-44cf-96a7-b5b63169170d,c7c1e798-a616-44d8-a3a6-1af2b344d3ba,User name 10),e0885384-a123-450a-b35e-e232e377b127,Test Add,CREATE,2025-05-09T16:26:12.412664,,,User(userId=c7c1e798-a616-44d8-a3a6-1af2b344d3ba, username=User name 10), password=Password 10, role=MATE)
04aa67a0-f92c-491b-9577-33621dab1935,3cb4b432-a5d8-424a-9bed-4a1fe8265189,User name 11),e0885384-a123-450a-b35e-e232e377b127,Test Add,CREATE,2025-05-09T16:26:12.413649,,,User(userId=3cb4b432-a5d8-424a-9bed-4a1fe8265189, username=User name 11), password=Password 11, role=ADMIN)
2671c8d1-9482-4d2e-88db-ec5452c64802,97f4f651-bd85-4467-9fab-9f7496efcd30,User name 12),e0885384-a123-450a-b35e-e232e377b127,Test Add,CREATE,2025-05-09T16:26:12.414638,,,User(userId=97f4f651-bd85-4467-9fab-9f7496efcd30, username=User name 12), password=Password 12, role=MATE)
b9434250-a36c-41dd-8fee-dd3efe07d81e,9c441028-ca4b-4f94-9073-0e8e84b54c67,User name 13),e0885384-a123-450a-b35e-e232e377b127,Test Add,CREATE,2025-05-09T16:26:12.415542,,,User(userId=9c441028-ca4b-4f94-9073-0e8e84b54c67, username=User name 13), password=Password 13, role=MATE)
06810eff-1954-4166-a67b-c70e2679f5e1,cd242c40-4548-48e0-9e88-c2cea11c22ad,User name 14),e0885384-a123-450a-b35e-e232e377b127,Test Add,CREATE,2025-05-09T16:26:12.416640,,,User(userId=cd242c40-4548-48e0-9e88-c2cea11c22ad, username=User name 14), password=Password 14, role=ADMIN)
48bfed7d-a362-45a9-b335-b276e2b48fad,53ce8d99-001f-41b8-b575-6c2f710a7ba0,User name 15),e0885384-a123-450a-b35e-e232e377b127,Test Add,CREATE,2025-05-09T16:26:12.417716,,,User(userId=53ce8d99-001f-41b8-b575-6c2f710a7ba0, username=User name 15), password=Password 15, role=ADMIN)
e500d9a8-5b9a-4f15-a8f2-a7abcddd539b,3493e9ad-4f0b-486d-b6cd-047297d066dd,User name 16),e0885384-a123-450a-b35e-e232e377b127,Test Add,CREATE,2025-05-09T16:26:12.418846,,,User(userId=3493e9ad-4f0b-486d-b6cd-047297d066dd, username=User name 16), password=Password 16, role=ADMIN)
f56794f4-f1be-4e74-b472-6fa6233ad38e,0b204f5d-51a6-4915-ba28-6df5b4725fa5,User name 17),e0885384-a123-450a-b35e-e232e377b127,Test Add,CREATE,2025-05-09T16:26:12.420160,,,User(userId=0b204f5d-51a6-4915-ba28-6df5b4725fa5, username=User name 17), password=Password 17, role=MATE)
70f0af5e-3a36-4d2e-8886-7f244c94fdca,1e4098d2-a4af-4d8b-969c-41fce3f77e87,User name 18),e0885384-a123-450a-b35e-e232e377b127,Test Add,CREATE,2025-05-09T16:26:12.421171,,,User(userId=1e4098d2-a4af-4d8b-969c-41fce3f77e87, username=User name 18), password=Password 18, role=ADMIN)
dcac731e-d3d5-47d5-9eb7-af7151695293,84951cca-5a3c-4b27-94c9-5bcb0f1f6390,User name 19),e0885384-a123-450a-b35e-e232e377b127,Test Add,CREATE,2025-05-09T16:26:12.422388,,,User(userId=84951cca-5a3c-4b27-94c9-5bcb0f1f6390, username=User name 19), password=Password 19, role=ADMIN)
d95331f2-f7c6-4270-873f-3b6774c923d7,4ac4b3fa-4ffa-4eca-9145-375e27240ec2,User name 20),e0885384-a123-450a-b35e-e232e377b127,Test Add,CREATE,2025-05-09T16:26:12.423600,,,User(userId=4ac4b3fa-4ffa-4eca-9145-375e27240ec2, username=User name 20), password=Password 20, role=MATE)
690ab8a4-05c5-4dbc-ae1f-9a97c5f42226,8da9cb7d-fde8-4a5d-af8b-344132664432,Deleted user,e0885384-a123-450a-b35e-e232e377b127,Test Add,DELETE,2025-05-09T16:26:12.425631,,User(userId=8da9cb7d-fde8-4a5d-af8b-344132664432, username=Deleted user, password=fkskds, role=ADMIN),User(userId=8da9cb7d-fde8-4a5d-af8b-344132664432, username=Deleted user, password=fkskds, role=ADMIN)
3ff626b1-c809-4832-aeed-03628e51cfb8,e0885384-a123-450a-b35e-e232e377b127,Abdo edit name,e0885384-a123-450a-b35e-e232e377b127,Test Add,UPDATE,2025-05-09T16:26:12.428132,user,User(userId=e0885384-a123-450a-b35e-e232e377b127, username=Test Add, password=fkskds, role=ADMIN),User(userId=e0885384-a123-450a-b35e-e232e377b127, username=Abdo edit name, password=abdo edit password, role=ADMIN)
6cb29280-f6e4-43d2-beb4-4eee5ec4b66a,ae2ed86f-8979-4e59-b5c0-e72623507f58,Project1,e0885384-a123-450a-b35e-e232e377b127,Test Add,CREATE,2025-05-09T16:26:12.432327,,,Project1
ba46fa0b-3419-4c62-a67f-b1b1795cb868,a1d2b674-1ce0-4a68-863c-634c580ab7f5,Project1,e0885384-a123-450a-b35e-e232e377b127,Test Add,CREATE,2025-05-09T16:26:12.435623,,,Project1
52929c96-6f63-41d1-9950-b61151e20ed5,a1d2b674-1ce0-4a68-863c-634c580ab7f5,Project2 Edited,e0885384-a123-450a-b35e-e232e377b127,Test Add,UPDATE,2025-05-09T16:26:12.437107,projectDescription,Project(projectId=a1d2b674-1ce0-4a68-863c-634c580ab7f5, projectName=Project1, projectDescription=Description1, createdAt=1999-08-07T22:22:22, adminId=e0885384-a123-450a-b35e-e232e377b127, taskStates=[TaskState(stateId=a0b0802a-9b85-4859-8431-b23db23307a3, name=Backlog), TaskState(stateId=4decb4f2-373c-481d-a3b5-e6994d930302, name=In Progress)]),Project(projectId=a1d2b674-1ce0-4a68-863c-634c580ab7f5, projectName=Project2 Edited, projectDescription=Description2 Edited, createdAt=1999-08-07T22:22:22, adminId=e0885384-a123-450a-b35e-e232e377b127, taskStates=[TaskState(stateId=a0b0802a-9b85-4859-8431-b23db23307a3, name=Backlog), TaskState(stateId=4decb4f2-373c-481d-a3b5-e6994d930302, name=In Progress)])
b860665e-fdb9-4e49-8638-0c3c884aa510,ae2ed86f-8979-4e59-b5c0-e72623507f58,Project1,e0885384-a123-450a-b35e-e232e377b127,Test Add,CREATE,2025-05-09T16:26:12.438658,,,Project1
dad09534-8eee-45b5-8213-137f15ca8201,1bda4abb-3dee-4909-922e-b699c11438d3,Find Devil Devil Bareq,875db881-228c-4b43-9ccb-f08b0f6ab91a,Test Add,CREATE,2025-05-09T16:26:37.451830,,,Find Devil Devil Bareq
268964bb-7353-4bdf-8ac3-3c55d7b5a038,a9163cee-a6c8-4e8f-abbb-0517db3d4ed4,Find Devil Devil Bareq,875db881-228c-4b43-9ccb-f08b0f6ab91a,Test Add,CREATE,2025-05-09T16:26:37.471518,,,Find Devil Devil Bareq
5b41185b-f7fd-417b-b727-32fceada6959,1e25e716-59b3-47c7-af8e-66276af72374,Task title 1,875db881-228c-4b43-9ccb-f08b0f6ab91a,Test Add,CREATE,2025-05-09T16:26:37.473677,,,Task title 1
ecdc70d2-de95-47e3-8d5a-2c930fe3c758,e25974a9-3294-43d1-9679-c47a08708cdf,Task title 2,875db881-228c-4b43-9ccb-f08b0f6ab91a,Test Add,CREATE,2025-05-09T16:26:37.474027,,,Task title 2
79ae1ef3-71cc-4ab2-8c2c-6c7bd1854af4,338ecd12-223d-4450-92ca-cfe3d23e87a2,Task title 3,875db881-228c-4b43-9ccb-f08b0f6ab91a,Test Add,CREATE,2025-05-09T16:26:37.474353,,,Task title 3
5299f09f-a611-4e8b-95c7-328e21a96981,5f16f43d-d210-487c-9ca9-4054ae2a08a1,Task title 4,875db881-228c-4b43-9ccb-f08b0f6ab91a,Test Add,CREATE,2025-05-09T16:26:37.474599,,,Task title 4
cb54ad07-83b5-4c07-b60d-7dde55ad386e,e579db25-71d8-4dd3-bf11-b5ce2fd7b21c,Task title 5,875db881-228c-4b43-9ccb-f08b0f6ab91a,Test Add,CREATE,2025-05-09T16:26:37.474868,,,Task title 5
d819d671-6a6d-4e23-b97a-67eb6ff3e8c3,c9ba5444-8d03-45f0-bad1-fc5e55d5dcd9,Task title 6,875db881-228c-4b43-9ccb-f08b0f6ab91a,Test Add,CREATE,2025-05-09T16:26:37.475115,,,Task title 6
14302ceb-bfe5-4f40-9772-0b137d676463,dbf014a4-ea46-447e-9906-3f118c3c46fd,Task title 7,875db881-228c-4b43-9ccb-f08b0f6ab91a,Test Add,CREATE,2025-05-09T16:26:37.475382,,,Task title 7
47049fde-9d26-4354-b678-c116d7377e17,5313cdc8-e526-41a2-b099-d5d3e64826dc,Task title 8,875db881-228c-4b43-9ccb-f08b0f6ab91a,Test Add,CREATE,2025-05-09T16:26:37.475661,,,Task title 8
af3abf15-2de7-425a-8fe1-8a3a89a3b23e,d131bf60-37fb-4f6d-ae01-e5e9114d9333,Task title 9,875db881-228c-4b43-9ccb-f08b0f6ab91a,Test Add,CREATE,2025-05-09T16:26:37.475931,,,Task title 9
6799f9f9-45a1-4c8a-8cee-bd5d6c988622,5028df95-e164-4d41-b436-ab616b23d003,Task title 10,875db881-228c-4b43-9ccb-f08b0f6ab91a,Test Add,CREATE,2025-05-09T16:26:37.476290,,,Task title 10
1107eea1-026b-4e32-a276-331c06001c41,1bda4abb-3dee-4909-922e-b699c11438d3,Task Edited,875db881-228c-4b43-9ccb-f08b0f6ab91a,Test Add,UPDATE,2025-05-09T16:26:37.482997,ffff,Task(taskId=1bda4abb-3dee-4909-922e-b699c11438d3, title=Find Devil Devil Bareq, description=try to find Devil Bareq and put him in the jail, createdAt=2023-01-01T12:00, creatorId=875db881-228c-4b43-9ccb-f08b0f6ab91a, projectId=c47c8ab7-4d9b-44e0-8f56-217b833cb897, assignedId=875db881-228c-4b43-9ccb-f08b0f6ab91a, state=TaskState(stateId=57e19409-c30e-4054-a0e1-b4b99679c914, name=todo), role=MATE),Task(taskId=1bda4abb-3dee-4909-922e-b699c11438d3, title=Task Edited, description=Description Edited, createdAt=2023-01-01T12:00, creatorId=875db881-228c-4b43-9ccb-f08b0f6ab91a, projectId=c47c8ab7-4d9b-44e0-8f56-217b833cb897, assignedId=875db881-228c-4b43-9ccb-f08b0f6ab91a, state=TaskState(stateId=57e19409-c30e-4054-a0e1-b4b99679c914, name=todo), role=MATE)
5102e7f2-288d-4e07-a199-28ef279868d7,a9163cee-a6c8-4e8f-abbb-0517db3d4ed4,Find Devil Devil Bareq,875db881-228c-4b43-9ccb-f08b0f6ab91a,Test Add,DELETE,2025-05-09T16:26:37.484745,,Task(taskId=a9163cee-a6c8-4e8f-abbb-0517db3d4ed4, title=Find Devil Devil Bareq, description=try to find Devil Bareq and put him in the jail, createdAt=2023-01-01T12:00, creatorId=875db881-228c-4b43-9ccb-f08b0f6ab91a, projectId=c47c8ab7-4d9b-44e0-8f56-217b833cb897, assignedId=875db881-228c-4b43-9ccb-f08b0f6ab91a, state=TaskState(stateId=57e19409-c30e-4054-a0e1-b4b99679c914, name=todo), role=MATE),
52b4a635-a080-460b-8afe-a88529ce90d5,5331a3d1-b8da-480b-8748-0385599f064a,Find Devil Devil Bareq,88c19eba-40c7-44a6-957c-967570991888,Test Add,CREATE,2025-05-09T16:27:30.990189,,,Find Devil Devil Bareq
f499603c-807f-430c-9863-346d3ce9ca82,f5ff16f3-45e9-40e5-b20e-a3bee8bf406a,Find Devil Devil Bareq,88c19eba-40c7-44a6-957c-967570991888,Test Add,CREATE,2025-05-09T16:27:31.009204,,,Find Devil Devil Bareq
3de55554-2b68-4b35-a061-86fddd949079,190fca32-bfb4-4abf-a698-d957c21ba3b2,Task title 1,88c19eba-40c7-44a6-957c-967570991888,Test Add,CREATE,2025-05-09T16:27:31.014121,,,Task title 1
f917433e-aa2b-40c1-b5b8-3fed8b7ec8cb,a8f14475-b2db-4b4a-8e4a-a01a7f1f26e3,Task title 2,88c19eba-40c7-44a6-957c-967570991888,Test Add,CREATE,2025-05-09T16:27:31.023961,,,Task title 2
aebf727d-b187-464d-b88a-d8a7ff32ddc3,d3bd4737-4e2e-44eb-a217-ca431f1dce6b,Task title 3,88c19eba-40c7-44a6-957c-967570991888,Test Add,CREATE,2025-05-09T16:27:31.028309,,,Task title 3
d7a24e79-0fc5-497d-9c89-bb5cee177b72,c27cfb56-c0ec-47af-a4f1-d50c6f8207de,Task title 4,88c19eba-40c7-44a6-957c-967570991888,Test Add,CREATE,2025-05-09T16:27:31.029812,,,Task title 4
68f98369-94c5-4e09-8c68-f2edbc78db59,cb96a845-96f9-4d4c-a4e2-d5bd3914d222,Task title 5,88c19eba-40c7-44a6-957c-967570991888,Test Add,CREATE,2025-05-09T16:27:31.031451,,,Task title 5
fab141e3-a8d1-4629-848a-82ffa936949f,7dfeef03-3c3e-4e4a-9dfd-4559e917f250,Task title 6,88c19eba-40c7-44a6-957c-967570991888,Test Add,CREATE,2025-05-09T16:27:31.035291,,,Task title 6
9d7b28fb-4f25-49ef-9aee-4bd7fb70ba35,742a028b-9e43-488f-8bbf-269209932e66,Task title 7,88c19eba-40c7-44a6-957c-967570991888,Test Add,CREATE,2025-05-09T16:27:31.036032,,,Task title 7
a7ceb598-cc9e-40b6-9c1d-3a96b210e752,0ff82504-b929-4576-a96d-c255178df7fa,Task title 8,88c19eba-40c7-44a6-957c-967570991888,Test Add,CREATE,2025-05-09T16:27:31.037174,,,Task title 8
f84ae2d5-75df-426e-81f1-63dcbf122553,4004ade0-e22b-411b-b547-74dcf52c34ce,Task title 9,88c19eba-40c7-44a6-957c-967570991888,Test Add,CREATE,2025-05-09T16:27:31.037688,,,Task title 9
f077285b-9908-455e-8a61-bca345bcc75c,9e924224-c5f5-4392-be26-c511b92e3b52,Task title 10,88c19eba-40c7-44a6-957c-967570991888,Test Add,CREATE,2025-05-09T16:27:31.038,,,Task title 10
7a038aac-1463-4884-adf8-0c7a52033409,8c4f2381-56be-4325-8c21-80c25408479f,Find Devil Devil Bareq,9b94e37f-51b3-4c90-9be9-709b35fdfa96,Test Add,CREATE,2025-05-09T16:28:39.800597,,,Find Devil Devil Bareq
11455111-faf2-4fa3-9cb2-14f82cfd3df9,d912bc3b-888a-4957-b0f1-55dc0340c7e3,Find Devil Devil Bareq,9b94e37f-51b3-4c90-9be9-709b35fdfa96,Test Add,CREATE,2025-05-09T16:28:39.820620,,,Find Devil Devil Bareq
9dec4aaf-5cf8-433e-91a0-3bdf179c78cd,b15f636a-3b45-447c-846b-559bcc83b5fd,Task title 1,9b94e37f-51b3-4c90-9be9-709b35fdfa96,Test Add,CREATE,2025-05-09T16:28:39.822586,,,Task title 1
fc78f1fc-6077-4195-9c98-633c3aa786e3,82511954-f09f-42c7-977d-844f62f11065,Task title 2,9b94e37f-51b3-4c90-9be9-709b35fdfa96,Test Add,CREATE,2025-05-09T16:28:39.822948,,,Task title 2
46c81941-5e18-46a4-be37-759b8e080950,18a7cacb-b422-4d8c-ae85-60dffd72fc48,Task title 3,9b94e37f-51b3-4c90-9be9-709b35fdfa96,Test Add,CREATE,2025-05-09T16:28:39.823291,,,Task title 3
101517a8-707a-4da4-85e5-e6fe897f3ccf,f81ac848-1d3f-49ec-a486-f0af5fb98014,Task title 4,9b94e37f-51b3-4c90-9be9-709b35fdfa96,Test Add,CREATE,2025-05-09T16:28:39.823713,,,Task title 4
1c8cf5cc-e390-46bc-85c9-9f2f6834d718,7efbd392-12f1-4149-9447-14ec508795a3,Task title 5,9b94e37f-51b3-4c90-9be9-709b35fdfa96,Test Add,CREATE,2025-05-09T16:28:39.824036,,,Task title 5
b3442597-7402-4f00-b19d-e7e02ed1a856,556f78c4-a96d-440d-a39d-c79239f6c168,Task title 6,9b94e37f-51b3-4c90-9be9-709b35fdfa96,Test Add,CREATE,2025-05-09T16:28:39.824315,,,Task title 6
2a65fc06-0564-48e0-8deb-8bee29fa62c1,6d958617-ae4f-4965-ac46-0bd81803a770,Task title 7,9b94e37f-51b3-4c90-9be9-709b35fdfa96,Test Add,CREATE,2025-05-09T16:28:39.824582,,,Task title 7
caa44baf-5040-485a-80a7-131239f40929,b70eed39-f921-4246-9914-6fad8981f8e9,Task title 8,9b94e37f-51b3-4c90-9be9-709b35fdfa96,Test Add,CREATE,2025-05-09T16:28:39.824870,,,Task title 8
8d45e7b2-1f9a-4aa0-a5b8-5bda77831a9b,fd814dc4-a387-4b17-83ab-1a2fae396f47,Task title 9,9b94e37f-51b3-4c90-9be9-709b35fdfa96,Test Add,CREATE,2025-05-09T16:28:39.825098,,,Task title 9
d221c985-c47b-421b-be7a-b7c8536002f6,5e8d0820-f1a2-4446-a297-d3bd139d7235,Task title 10,9b94e37f-51b3-4c90-9be9-709b35fdfa96,Test Add,CREATE,2025-05-09T16:28:39.825354,,,Task title 10
1cb2d9e8-834c-4cbf-8e7f-5999a6d780fb,8c4f2381-56be-4325-8c21-80c25408479f,Task Edited,9b94e37f-51b3-4c90-9be9-709b35fdfa96,Test Add,UPDATE,2025-05-09T16:28:39.831574,ffff,Task(taskId=8c4f2381-56be-4325-8c21-80c25408479f, title=Find Devil Devil Bareq, description=try to find Devil Bareq and put him in the jail, createdAt=2023-01-01T12:00, creatorId=9b94e37f-51b3-4c90-9be9-709b35fdfa96, projectId=c47c8ab7-4d9b-44e0-8f56-217b833cb897, assignedId=9b94e37f-51b3-4c90-9be9-709b35fdfa96, state=TaskState(stateId=4e5b450f-a1d1-473e-aa34-9a370892f61c, name=todo), role=MATE),Task(taskId=8c4f2381-56be-4325-8c21-80c25408479f, title=Task Edited, description=Description Edited, createdAt=2023-01-01T12:00, creatorId=9b94e37f-51b3-4c90-9be9-709b35fdfa96, projectId=c47c8ab7-4d9b-44e0-8f56-217b833cb897, assignedId=9b94e37f-51b3-4c90-9be9-709b35fdfa96, state=TaskState(stateId=4e5b450f-a1d1-473e-aa34-9a370892f61c, name=todo), role=MATE)
7eccbc3b-a42e-495a-9ffc-09f3d100fb49,d912bc3b-888a-4957-b0f1-55dc0340c7e3,Find Devil Devil Bareq,9b94e37f-51b3-4c90-9be9-709b35fdfa96,Test Add,DELETE,2025-05-09T16:28:39.833505,,Task(taskId=d912bc3b-888a-4957-b0f1-55dc0340c7e3, title=Find Devil Devil Bareq, description=try to find Devil Bareq and put him in the jail, createdAt=2023-01-01T12:00, creatorId=9b94e37f-51b3-4c90-9be9-709b35fdfa96, projectId=c47c8ab7-4d9b-44e0-8f56-217b833cb897, assignedId=9b94e37f-51b3-4c90-9be9-709b35fdfa96, state=TaskState(stateId=4e5b450f-a1d1-473e-aa34-9a370892f61c, name=todo), role=MATE),
6205373e-faf5-45e5-a890-d980c5ee7e2b,b180560c-beba-4626-88c0-2f9f086a8438,Find Devil Devil Bareq,9957ab70-14b8-4d17-aa2d-ed9559aa48a1,Test Add,CREATE,2025-05-09T16:29:09.623803,,,Find Devil Devil Bareq
71e7024e-7d91-4227-8551-3be35ae76b5e,c5472a9d-c870-4d43-b3e7-6b227261f42b,Find Devil Devil Bareq,9957ab70-14b8-4d17-aa2d-ed9559aa48a1,Test Add,CREATE,2025-05-09T16:29:09.644994,,,Find Devil Devil Bareq
274cc444-8969-48bb-b28a-044588adbdc6,45d6c41c-91b5-421c-9a9d-0965bbcb91dd,Task title 1,9957ab70-14b8-4d17-aa2d-ed9559aa48a1,Test Add,CREATE,2025-05-09T16:29:09.649406,,,Task title 1
33bf7244-9a5f-41b3-bb52-d7329043fb0d,6658d89e-78b1-48b1-ba13-29296e3f9355,Task title 2,9957ab70-14b8-4d17-aa2d-ed9559aa48a1,Test Add,CREATE,2025-05-09T16:29:09.649736,,,Task title 2
8e6ae552-0a2a-4a9f-9f71-61946601716a,ad4268d6-ca63-4850-89a2-866d5f318673,Task title 3,9957ab70-14b8-4d17-aa2d-ed9559aa48a1,Test Add,CREATE,2025-05-09T16:29:09.650072,,,Task title 3
24d26129-d856-4a14-ba29-a4d8efedf40d,53e2f4ea-fee4-48ca-a482-f0bd3a11738d,Task title 4,9957ab70-14b8-4d17-aa2d-ed9559aa48a1,Test Add,CREATE,2025-05-09T16:29:09.650379,,,Task title 4
d22cd1b8-0bb6-47e4-8e69-bbdc989b9c49,be11713f-08bf-44af-a882-c97793225e7a,Task title 5,9957ab70-14b8-4d17-aa2d-ed9559aa48a1,Test Add,CREATE,2025-05-09T16:29:09.650733,,,Task title 5
6735a1f9-2700-4705-81dc-7586821214af,a4ee9ae5-3519-4c2b-9a26-88e9417f4100,Task title 6,9957ab70-14b8-4d17-aa2d-ed9559aa48a1,Test Add,CREATE,2025-05-09T16:29:09.651127,,,Task title 6
f9398f43-d376-4a38-bf28-c8e0f1c6f7c3,b2512bc2-0489-44f7-b11e-aaab10d3332a,Task title 7,9957ab70-14b8-4d17-aa2d-ed9559aa48a1,Test Add,CREATE,2025-05-09T16:29:09.651445,,,Task title 7
3b74a952-7226-4f9a-97c6-129797ad1887,cbe6213c-e225-4f10-a6e6-d4d185d5b55b,Task title 8,9957ab70-14b8-4d17-aa2d-ed9559aa48a1,Test Add,CREATE,2025-05-09T16:29:09.651727,,,Task title 8
e97d88ad-3066-41cf-9a30-3ce5e4f6d2e5,6dd7eaa8-566a-4203-9a3e-bdf7754d74b1,Task title 9,9957ab70-14b8-4d17-aa2d-ed9559aa48a1,Test Add,CREATE,2025-05-09T16:29:09.651992,,,Task title 9
8f3cb3db-f5d2-417d-812d-36fa5a1c68d4,ed676bef-4f8c-4000-9b29-fda73956522c,Task title 10,9957ab70-14b8-4d17-aa2d-ed9559aa48a1,Test Add,CREATE,2025-05-09T16:29:09.652290,,,Task title 10
0b701d25-69d2-4e2c-b661-0a9473cdea2e,33963e20-fef8-48e5-8e4c-9a5d9415c9b5,Find Devil Devil Bareq,db9e434e-f6da-40fb-8ce1-b8f87a2ac3c0,Test Add,CREATE,2025-05-09T16:29:44.581809,,,Find Devil Devil Bareq
e50ed0ff-0983-467b-ada8-baef30b33676,43dd8232-ae8a-4574-bb28-ded31aaf40a0,Find Devil Devil Bareq,db9e434e-f6da-40fb-8ce1-b8f87a2ac3c0,Test Add,CREATE,2025-05-09T16:29:44.601291,,,Find Devil Devil Bareq
85faf64d-dd2d-4be4-b5b1-3359e60bf892,094b865d-2c81-48f9-ad99-9230763fc238,Task title 1,db9e434e-f6da-40fb-8ce1-b8f87a2ac3c0,Test Add,CREATE,2025-05-09T16:29:44.603763,,,Task title 1
e4cc06cb-8272-4dc9-91fd-b11ad2565ff0,60fb534b-7f83-47b2-bfe4-f7156aae839f,Task title 2,db9e434e-f6da-40fb-8ce1-b8f87a2ac3c0,Test Add,CREATE,2025-05-09T16:29:44.604056,,,Task title 2
2951c17a-08d9-4bf4-b71a-b75ff2da8801,59c11dd3-7645-4248-911a-bb3bb0c651a8,Task title 3,db9e434e-f6da-40fb-8ce1-b8f87a2ac3c0,Test Add,CREATE,2025-05-09T16:29:44.604327,,,Task title 3
e2e2ab4f-cec4-424b-a38b-7b880f60bc86,297d6048-e329-430d-a434-3f6e961afd50,Task title 4,db9e434e-f6da-40fb-8ce1-b8f87a2ac3c0,Test Add,CREATE,2025-05-09T16:29:44.604571,,,Task title 4
456d8b2f-09a3-4a73-8d80-afaec480fec5,910fca0a-e3ae-4d7b-a34f-c1d3b3c9b867,Task title 5,db9e434e-f6da-40fb-8ce1-b8f87a2ac3c0,Test Add,CREATE,2025-05-09T16:29:44.604861,,,Task title 5
3e6b97d0-615d-48fb-a40b-e0ade108b1e5,0932c8bf-1399-4250-820d-287ffc072036,Task title 6,db9e434e-f6da-40fb-8ce1-b8f87a2ac3c0,Test Add,CREATE,2025-05-09T16:29:44.605109,,,Task title 6
13f81512-43f5-4aaf-b1d4-c788067ae0dd,11fecd8b-51fc-4b0b-af3b-c18f407c693d,Task title 7,db9e434e-f6da-40fb-8ce1-b8f87a2ac3c0,Test Add,CREATE,2025-05-09T16:29:44.605359,,,Task title 7
52653837-b71f-4123-956a-bf7b21dae0a2,4a407cd7-b743-4788-ad69-7bdc1ec070e3,Task title 8,db9e434e-f6da-40fb-8ce1-b8f87a2ac3c0,Test Add,CREATE,2025-05-09T16:29:44.605628,,,Task title 8
9e2fb209-8f3a-46d6-9a35-aa095997bff8,07d4c780-156d-4d37-a1bb-60c5e62b5347,Task title 9,db9e434e-f6da-40fb-8ce1-b8f87a2ac3c0,Test Add,CREATE,2025-05-09T16:29:44.605846,,,Task title 9
7c55ad5e-9c24-4b87-bf97-9cc50ac7dd6f,8bbf72ea-9624-4147-8643-542e7402ae76,Task title 10,db9e434e-f6da-40fb-8ce1-b8f87a2ac3c0,Test Add,CREATE,2025-05-09T16:29:44.606132,,,Task title 10
c4e3519e-3937-457b-a37e-d0065f6c482b,33963e20-fef8-48e5-8e4c-9a5d9415c9b5,Task Edited,db9e434e-f6da-40fb-8ce1-b8f87a2ac3c0,Test Add,UPDATE,2025-05-09T16:29:44.611785,ffff,Task(taskId=33963e20-fef8-48e5-8e4c-9a5d9415c9b5, title=Find Devil Devil Bareq, description=try to find Devil Bareq and put him in the jail, createdAt=2023-01-01T12:00, creatorId=db9e434e-f6da-40fb-8ce1-b8f87a2ac3c0, projectId=c47c8ab7-4d9b-44e0-8f56-217b833cb897, assignedId=db9e434e-f6da-40fb-8ce1-b8f87a2ac3c0, state=TaskState(stateId=36d468cf-15ef-41e7-9bf5-9b40c532feb3, name=todo), role=MATE),Task(taskId=33963e20-fef8-48e5-8e4c-9a5d9415c9b5, title=Task Edited, description=Description Edited, createdAt=2023-01-01T12:00, creatorId=db9e434e-f6da-40fb-8ce1-b8f87a2ac3c0, projectId=c47c8ab7-4d9b-44e0-8f56-217b833cb897, assignedId=db9e434e-f6da-40fb-8ce1-b8f87a2ac3c0, state=TaskState(stateId=36d468cf-15ef-41e7-9bf5-9b40c532feb3, name=todo), role=MATE)
62913d96-cd88-4ba8-ade6-c12fae7a9f21,43dd8232-ae8a-4574-bb28-ded31aaf40a0,Find Devil Devil Bareq,db9e434e-f6da-40fb-8ce1-b8f87a2ac3c0,Test Add,DELETE,2025-05-09T16:29:44.613490,,Task(taskId=43dd8232-ae8a-4574-bb28-ded31aaf40a0, title=Find Devil Devil Bareq, description=try to find Devil Bareq and put him in the jail, createdAt=2023-01-01T12:00, creatorId=db9e434e-f6da-40fb-8ce1-b8f87a2ac3c0, projectId=c47c8ab7-4d9b-44e0-8f56-217b833cb897, assignedId=db9e434e-f6da-40fb-8ce1-b8f87a2ac3c0, state=TaskState(stateId=36d468cf-15ef-41e7-9bf5-9b40c532feb3, name=todo), role=MATE),
5ef14150-60eb-4cd1-ba5c-8d9872e93d50,f0291175-b1cf-4d20-8210-999b2f44c194,Find Devil Devil Bareq,5c46ec65-5efe-405e-b4cd-047ae16ce916,Test Add,CREATE,2025-05-09T16:29:51.504131,,,Find Devil Devil Bareq
d8e33036-8af8-4c4f-bb82-9f7c03041222,75acb20a-15d8-415a-a383-a3ef1c80d116,Find Devil Devil Bareq,5c46ec65-5efe-405e-b4cd-047ae16ce916,Test Add,CREATE,2025-05-09T16:29:51.522570,,,Find Devil Devil Bareq
174c94ed-0453-4372-90d3-6ae43d73cd78,e5a597a5-3f11-432e-8df2-35166f83eb06,Task title 1,5c46ec65-5efe-405e-b4cd-047ae16ce916,Test Add,CREATE,2025-05-09T16:29:51.524647,,,Task title 1
5f66e3d5-6c6d-40a1-a288-84d8c5452db7,69b6cfb4-9da0-4c4a-a5d9-dff8e9162791,Task title 2,5c46ec65-5efe-405e-b4cd-047ae16ce916,Test Add,CREATE,2025-05-09T16:29:51.524967,,,Task title 2
600c57fd-e1b1-408b-920d-ed36b2b37d80,d708969f-b232-4fba-afdf-10fccc8ef256,Task title 3,5c46ec65-5efe-405e-b4cd-047ae16ce916,Test Add,CREATE,2025-05-09T16:29:51.525703,,,Task title 3
1ec245bb-528a-4919-b45b-58221776044f,26fe5aaf-e513-4a6d-a591-266c75e9e8e3,Task title 4,5c46ec65-5efe-405e-b4cd-047ae16ce916,Test Add,CREATE,2025-05-09T16:29:51.526087,,,Task title 4
ffad87c9-0a75-47aa-b5a0-bb44e4a9826b,937be2bd-cac4-4eb0-86b5-4bf79f191119,Task title 5,5c46ec65-5efe-405e-b4cd-047ae16ce916,Test Add,CREATE,2025-05-09T16:29:51.526388,,,Task title 5
7a59575a-ffee-43c3-b836-5db57973269c,8d9351de-dc5d-4af4-abe5-4a42b5fbedff,Task title 6,5c46ec65-5efe-405e-b4cd-047ae16ce916,Test Add,CREATE,2025-05-09T16:29:51.526779,,,Task title 6
56be5b08-5c04-4ccd-b9b7-3ae1c208dd90,fe00af8d-1ed2-41f1-ac0c-feafb561ad14,Task title 7,5c46ec65-5efe-405e-b4cd-047ae16ce916,Test Add,CREATE,2025-05-09T16:29:51.527131,,,Task title 7
00378322-a493-4b10-b0b6-4817ccca581a,d9e5091a-72e7-417d-b303-fd01db6e0920,Task title 8,5c46ec65-5efe-405e-b4cd-047ae16ce916,Test Add,CREATE,2025-05-09T16:29:51.527431,,,Task title 8
32299bf3-1c69-42f1-8e5b-ecea47ddd737,61cadf62-3487-4d35-87fc-dc2cfa351a67,Task title 9,5c46ec65-5efe-405e-b4cd-047ae16ce916,Test Add,CREATE,2025-05-09T16:29:51.527722,,,Task title 9
26c06a6a-e64c-4c49-a3b7-b19873cd3eac,487c7e86-2630-44e4-bf3a-6be1c9a96715,Task title 10,5c46ec65-5efe-405e-b4cd-047ae16ce916,Test Add,CREATE,2025-05-09T16:29:51.528025,,,Task title 10
08f12544-1cfa-4549-96b5-6b7a9d88236a,470b9dd3-8e03-4e5c-a9eb-20ff642619d5,Find Devil Devil Bareq,e61dc2ae-b59b-4051-a494-753c1d4af24b,Test Add,CREATE,2025-05-09T16:33:31.006423,,,Find Devil Devil Bareq
5f9d5581-b71a-4039-8a32-b621ae800fb9,c0ea05d0-c4b0-4a28-8991-748385b660aa,Find Devil Devil Bareq,e61dc2ae-b59b-4051-a494-753c1d4af24b,Test Add,CREATE,2025-05-09T16:33:31.029478,,,Find Devil Devil Bareq
2e7c8682-399b-45cb-b330-6213c97896af,2469139e-cdb8-41cc-9574-1e3709e623d2,Task title 1,e61dc2ae-b59b-4051-a494-753c1d4af24b,Test Add,CREATE,2025-05-09T16:33:31.033099,,,Task title 1
6538ac9f-4eb6-4699-b3cd-2b609afd7f76,4d6e19bc-5424-4cd6-94de-7cc44e838a06,Task title 2,e61dc2ae-b59b-4051-a494-753c1d4af24b,Test Add,CREATE,2025-05-09T16:33:31.034021,,,Task title 2
ced916e4-0f3a-4ce4-b75b-58a9771a52a6,e91c6148-c5f6-4559-9f23-255d693f96ad,Task title 3,e61dc2ae-b59b-4051-a494-753c1d4af24b,Test Add,CREATE,2025-05-09T16:33:31.034417,,,Task title 3
4613ee45-667c-4398-b965-f5d7455c0b66,693dbaba-74bf-49de-b45d-38240d4a5a32,Task title 4,e61dc2ae-b59b-4051-a494-753c1d4af24b,Test Add,CREATE,2025-05-09T16:33:31.035314,,,Task title 4
a524b4c4-c4d4-402a-911b-cfb4e7166667,033686dc-b530-4243-ba23-edd5ec0f5ba8,Task title 5,e61dc2ae-b59b-4051-a494-753c1d4af24b,Test Add,CREATE,2025-05-09T16:33:31.035890,,,Task title 5
7108d05f-c653-4576-a32e-78d82dc6f7e4,80ea0c10-d3f3-4e56-b1f0-0f041563b366,Task title 6,e61dc2ae-b59b-4051-a494-753c1d4af24b,Test Add,CREATE,2025-05-09T16:33:31.036858,,,Task title 6
f872adf1-2bce-447d-a3f0-8556d1bb5965,e939af7e-33cc-445b-a348-fcef9828cfd2,Task title 7,e61dc2ae-b59b-4051-a494-753c1d4af24b,Test Add,CREATE,2025-05-09T16:33:31.038187,,,Task title 7
613567f0-d7de-4735-afdb-66278ac5359d,dcfe8a62-45ff-4d28-989b-cc9148cd6ab1,Task title 8,e61dc2ae-b59b-4051-a494-753c1d4af24b,Test Add,CREATE,2025-05-09T16:33:31.038641,,,Task title 8
7d04a57f-be41-483d-8a59-f330f74f5ce7,37de5670-3107-4061-8f93-80c30ebc2760,Task title 9,e61dc2ae-b59b-4051-a494-753c1d4af24b,Test Add,CREATE,2025-05-09T16:33:31.042430,,,Task title 9
a0eef76d-4269-4f01-aec2-7b7b6a86a456,5484368f-c3ca-471b-88d7-f61c2c547329,Task title 10,e61dc2ae-b59b-4051-a494-753c1d4af24b,Test Add,CREATE,2025-05-09T16:33:31.043083,,,Task title 10
e9623ce1-d26f-4546-80d2-6f4a5144678b,470b9dd3-8e03-4e5c-a9eb-20ff642619d5,Task Edited,e61dc2ae-b59b-4051-a494-753c1d4af24b,Test Add,UPDATE,2025-05-09T16:33:31.056570,ffff,Task(taskId=470b9dd3-8e03-4e5c-a9eb-20ff642619d5, title=Find Devil Devil Bareq, description=try to find Devil Bareq and put him in the jail, createdAt=2023-01-01T12:00, creatorId=e61dc2ae-b59b-4051-a494-753c1d4af24b, projectId=c47c8ab7-4d9b-44e0-8f56-217b833cb897, assignedId=e61dc2ae-b59b-4051-a494-753c1d4af24b, state=TaskState(stateId=e00305b8-5a8f-4857-95c3-a1047b3ef020, name=todo), role=MATE),Task(taskId=470b9dd3-8e03-4e5c-a9eb-20ff642619d5, title=Task Edited, description=Description Edited, createdAt=2023-01-01T12:00, creatorId=e61dc2ae-b59b-4051-a494-753c1d4af24b, projectId=c47c8ab7-4d9b-44e0-8f56-217b833cb897, assignedId=e61dc2ae-b59b-4051-a494-753c1d4af24b, state=TaskState(stateId=e00305b8-5a8f-4857-95c3-a1047b3ef020, name=todo), role=MATE)
8d4a8389-d391-4b6a-822f-6a8eeed60cfe,c0ea05d0-c4b0-4a28-8991-748385b660aa,Find Devil Devil Bareq,e61dc2ae-b59b-4051-a494-753c1d4af24b,Test Add,DELETE,2025-05-09T16:33:31.110192,,Task(taskId=c0ea05d0-c4b0-4a28-8991-748385b660aa, title=Find Devil Devil Bareq, description=try to find Devil Bareq and put him in the jail, createdAt=2023-01-01T12:00, creatorId=e61dc2ae-b59b-4051-a494-753c1d4af24b, projectId=c47c8ab7-4d9b-44e0-8f56-217b833cb897, assignedId=e61dc2ae-b59b-4051-a494-753c1d4af24b, state=TaskState(stateId=e00305b8-5a8f-4857-95c3-a1047b3ef020, name=todo), role=MATE),
dc137246-5a44-4b15-8dda-fd6dbd194074,1963f234-d8bc-4a3d-9bfd-6bca08d63bd1,Find Devil Devil Bareq,de97bf23-f3a6-44c8-b238-8695efad1206,Test Add,CREATE,2025-05-09T16:33:37.086652,,,Find Devil Devil Bareq
52b01bac-fa60-445d-b6ca-fee1dd11546e,9d2972c2-42e9-43ba-9e05-9bb78f7ec1ac,Find Devil Devil Bareq,de97bf23-f3a6-44c8-b238-8695efad1206,Test Add,CREATE,2025-05-09T16:33:37.105847,,,Find Devil Devil Bareq
439910f0-a968-4175-8d94-53c4afa58e09,3a5d97c6-87c7-4eb4-905e-debe4ac635b0,Task title 1,de97bf23-f3a6-44c8-b238-8695efad1206,Test Add,CREATE,2025-05-09T16:33:37.108608,,,Task title 1
610406d6-00bb-40a9-823a-d9695d52d787,2976c963-4ab7-432d-b40d-62aabcc59a30,Task title 2,de97bf23-f3a6-44c8-b238-8695efad1206,Test Add,CREATE,2025-05-09T16:33:37.109149,,,Task title 2
dd076a82-a961-4e56-8533-b443bf568ae2,ba977967-9020-46ae-b07d-1b0e5ccdd1c1,Task title 3,de97bf23-f3a6-44c8-b238-8695efad1206,Test Add,CREATE,2025-05-09T16:33:37.109489,,,Task title 3
d36b04df-448d-40f9-9fef-ae8d3211d060,286760c7-d966-4a0f-a60b-242b2c144687,Task title 4,de97bf23-f3a6-44c8-b238-8695efad1206,Test Add,CREATE,2025-05-09T16:33:37.109802,,,Task title 4
46833c6b-6708-40f5-bb38-1520e67211e2,02eec2b4-8028-4e22-9511-118c45cf293b,Task title 5,de97bf23-f3a6-44c8-b238-8695efad1206,Test Add,CREATE,2025-05-09T16:33:37.110093,,,Task title 5
558726ff-b419-41f6-8ca3-718e88b1653e,7924735e-eaeb-4309-a6d5-f26b53674b55,Task title 6,de97bf23-f3a6-44c8-b238-8695efad1206,Test Add,CREATE,2025-05-09T16:33:37.110359,,,Task title 6
c6caa335-06d6-494c-8862-bb8cd8bcdaf1,80cc4f9f-e7b9-4cc8-80f6-3f0192026a5d,Task title 7,de97bf23-f3a6-44c8-b238-8695efad1206,Test Add,CREATE,2025-05-09T16:33:37.110623,,,Task title 7
a0dcb8b0-c401-4e36-8856-c473d60252d7,5bd96bf3-9a2a-48cd-b010-d6fe3bf048ef,Task title 8,de97bf23-f3a6-44c8-b238-8695efad1206,Test Add,CREATE,2025-05-09T16:33:37.111016,,,Task title 8
28a4d4bc-7112-49ac-b504-9fb94fc2e97b,45270074-fd10-434e-807f-1fcae738bb58,Task title 9,de97bf23-f3a6-44c8-b238-8695efad1206,Test Add,CREATE,2025-05-09T16:33:37.111256,,,Task title 9
e800e1b3-8996-4c26-abe6-208f3152896c,40eb2642-ed13-44d6-91e5-f587aa98947d,Task title 10,de97bf23-f3a6-44c8-b238-8695efad1206,Test Add,CREATE,2025-05-09T16:33:37.111555,,,Task title 10
4604c34e-31ea-4685-9672-1ca8fe7c7519,1963f234-d8bc-4a3d-9bfd-6bca08d63bd1,Task Edited,de97bf23-f3a6-44c8-b238-8695efad1206,Test Add,UPDATE,2025-05-09T16:33:37.119165,ffff,Task(taskId=1963f234-d8bc-4a3d-9bfd-6bca08d63bd1, title=Find Devil Devil Bareq, description=try to find Devil Bareq and put him in the jail, createdAt=2023-01-01T12:00, creatorId=de97bf23-f3a6-44c8-b238-8695efad1206, projectId=c47c8ab7-4d9b-44e0-8f56-217b833cb897, assignedId=de97bf23-f3a6-44c8-b238-8695efad1206, state=TaskState(stateId=a2b74022-0b0a-4abe-a9f1-07af12ed72e8, name=todo), role=MATE),Task(taskId=1963f234-d8bc-4a3d-9bfd-6bca08d63bd1, title=Task Edited, description=Description Edited, createdAt=2023-01-01T12:00, creatorId=de97bf23-f3a6-44c8-b238-8695efad1206, projectId=c47c8ab7-4d9b-44e0-8f56-217b833cb897, assignedId=de97bf23-f3a6-44c8-b238-8695efad1206, state=TaskState(stateId=a2b74022-0b0a-4abe-a9f1-07af12ed72e8, name=todo), role=MATE)
63fc27da-87b5-475c-b717-27de8bb21949,9d2972c2-42e9-43ba-9e05-9bb78f7ec1ac,Find Devil Devil Bareq,de97bf23-f3a6-44c8-b238-8695efad1206,Test Add,DELETE,2025-05-09T16:33:37.121529,,Task(taskId=9d2972c2-42e9-43ba-9e05-9bb78f7ec1ac, title=Find Devil Devil Bareq, description=try to find Devil Bareq and put him in the jail, createdAt=2023-01-01T12:00, creatorId=de97bf23-f3a6-44c8-b238-8695efad1206, projectId=c47c8ab7-4d9b-44e0-8f56-217b833cb897, assignedId=de97bf23-f3a6-44c8-b238-8695efad1206, state=TaskState(stateId=a2b74022-0b0a-4abe-a9f1-07af12ed72e8, name=todo), role=MATE),
